[
  {
    "title": "http://h.ipfs.io",
    "operator": "IPFS",
    "ip": [
      "fc29:9fda:3b73:c1d2:9302:31e3:964c:144c",
      "fcd8:a4e5:3af7:557e:72e5:f9d1:a599:e329"
    ],
    "description": "IPFS on Hyperboria"
  },
  {
    "title": "http://h.transitiontech.ca",
    "operator": "ansuz",
    "ip": [
      "fc6a:30c9:53a1:2c6b:ccbf:1261:2aef:45d3"
    ],
    "description": "ansuz' blog"
  },
  {
    "title": "http://cjdns.ncry.pt/",
    "operator": "novaking",
    "ip": [
      "fcd7:164f:b5be:7542:513b:3661:3d4f:3601"
    ],
    "description": "encrypted paste service"
  },
  {
    "title": "irc.fc00.io",
    "operator": "ansuz",
    "ip": [
      "fc34:8675:ed95:600c:38d7:6eb8:f5b9:5bfa"
    ],
    "description": "an ircd hosted by the fc00 project"
  },
  {
    "title": "map.hype.ovh",
    "operator": "Magik6k",
    "ip": [
      "fc02:2735:e595:bb70:8ffc:5293:8af8:c4b7"
    ],
    "description": "a map of Hyperboria"
  },
  {
    "title": "http://cjdns.h-ic.eu/",
    "operator": "lex",
    "ip": [
      "fcdd:b5cd:3ffe:bfc:8ee2:67a8:61cf:ab77"
    ],
    "description": "Matrix homeserver with cjdns and internet federation, also accessible over the internet at https://h-ic.eu/"
  },
  {
    "title": "Don't Sell.Me (https://mesh.dontsell.me)",
    "operator": "netsyms",
    "ip": [
      "fc81:7e39:ae21:1d67:e89c:9ff0:3f7e:5e5c"
    ],
    "description": "An open-source, privacy-respecting alternative to Google Docs and other services.  Also available over the Internet at https://dontsell.me and via Tor and I2P (see site for details)."
  },
]
