{"name":"Hyperboria","tagline":"The privacy-friendly network without borders","body":"We're a community of local Wifi initiatives, programmers, and enthusiasts.\r\nWe run a peer-to-peer IPv6 network with automatic end-to-end encryption,\r\ndistributed IP address allocation, and DHT-based Source Routing.\r\n\r\n- Existing applications Just Work\r\n- Low entry barriers for users and ISPs\r\n- Runs on Linux, Android, OpenWrt, OS X, and many others\r\n\r\nHyperboria is based on the cjdns routing protocol.","google":"","note":"Don't delete this file! It's used internally to help with page regeneration."}